file	label
7263.jpeg	Cucumber, tomatoes & avocados
7264.jpeg	Eggs
7265.jpeg	Broccoli, cauliflowers, carrots & radish
7266.png	Lunch & Deli Meats
7267.jpeg	Milk
7268.png	Nectarines, peaches & apricots
7269.jpeg	Broccoli, cauliflowers, carrots & radish
7270.png	Fresh herbs
7271.png	Eggs
7272.jpeg	Berries & cherries
7273.jpeg	Cheese
7274.png	Pre-baked breads
7275.png	Berries & cherries
7276.jpeg	Berries & cherries
7277.png	Kiwis, grapes & mango
7278.jpeg	Lunch & Deli Meats
7279.png	Bananas, apples & pears
7280.png	Asparagus, string beans & brussels sprouts
7281.jpeg	Bananas, apples & pears
7282.jpeg	Bell peppers, zucchinis & eggplants
7283.jpeg	Pork, beef & lamb
7284.png	Lunch & Deli Meats
7285.jpeg	Lunch & Deli Meats
7286.jpeg	Pre-baked breads
7287.jpeg	Minced meat & meatballs
7288.png	Broccoli, cauliflowers, carrots & radish
7289.png	Minced meat & meatballs
7290.png	Citrus fruits
7291.jpeg	Broccoli, cauliflowers, carrots & radish
7292.png	Eggs
7293.png	Bell peppers, zucchinis & eggplants
7294.png	Fresh bread
7295.png	Cheese
7296.jpeg	Minced meat & meatballs
7297.png	Pre-baked breads
7298.png	Kiwis, grapes & mango
7299.jpeg	Bell peppers, zucchinis & eggplants
7300.jpeg	Minced meat & meatballs
7301.png	Kiwis, grapes & mango
7302.png	Pre-baked breads
7303.jpeg	Pre-baked breads
7304.png	Bananas, apples & pears
7305.jpeg	Bananas, apples & pears
7306.png	Broccoli, cauliflowers, carrots & radish
7307.png	Bananas, apples & pears
7308.jpeg	Bell peppers, zucchinis & eggplants
7309.jpeg	Bananas, apples & pears
7310.png	Cucumber, tomatoes & avocados
7311.png	Bananas, apples & pears
7312.jpeg	Minced meat & meatballs
7313.jpeg	Kiwis, grapes & mango
7314.png	Lunch & Deli Meats
7315.png	Citrus fruits
7316.png	Citrus fruits
7317.png	Pudding, yogurt & quark
7318.png	Pork, beef & lamb
7319.png	Bananas, apples & pears
7320.jpeg	Pre-baked breads
7321.png	Milk
7322.jpeg	Fresh herbs
7323.png	Bell peppers, zucchinis & eggplants
7324.jpeg	Minced meat & meatballs
7325.jpeg	Fresh herbs
7326.jpeg	Cucumber, tomatoes & avocados
7327.jpeg	Pre-baked breads
7328.png	Pork, beef & lamb
7329.png	Pudding, yogurt & quark
7330.png	Bananas, apples & pears
7331.png	Milk
7332.png	Citrus fruits
7333.png	Bananas, apples & pears
7334.jpeg	Onions, leek, garlic & beets
7335.jpeg	Salad & cress
7336.png	Cucumber, tomatoes & avocados
7337.jpeg	Minced meat & meatballs
7338.png	Bell peppers, zucchinis & eggplants
7339.jpeg	Pork, beef & lamb
7340.jpeg	Poultry
7341.png	Broccoli, cauliflowers, carrots & radish
7342.jpeg	Pork, beef & lamb
7343.png	Pork, beef & lamb
7344.jpeg	Pork, beef & lamb
7345.jpeg	Pre-baked breads
7346.png	Minced meat & meatballs
7347.jpeg	Pre-baked breads
7348.png	Bell peppers, zucchinis & eggplants
7349.png	Citrus fruits
7350.jpeg	Pudding, yogurt & quark
7351.png	Fresh bread
7352.png	Pudding, yogurt & quark
7353.png	Bananas, apples & pears
7354.png	Potatoes
7355.png	Pudding, yogurt & quark
7356.png	Citrus fruits
7357.png	Bananas, apples & pears
7358.png	Nectarines, peaches & apricots
7359.jpeg	Cheese
7360.png	Potatoes
7361.png	Kiwis, grapes & mango
7362.png	Pre-baked breads
7363.png	Cheese
7364.png	Cucumber, tomatoes & avocados
7365.png	Cucumber, tomatoes & avocados
7366.png	Fresh herbs
7367.jpeg	Fish
7368.png	Bell peppers, zucchinis & eggplants
7369.png	Pre-baked breads
7370.jpeg	Salad & cress
7371.jpeg	Pork, beef & lamb
7372.png	Fresh bread
7373.png	Pineapples, melons & passion fruit
7374.png	Asparagus, string beans & brussels sprouts
7375.png	Cucumber, tomatoes & avocados
7376.jpeg	Pork, beef & lamb
7377.jpeg	Citrus fruits
7378.png	Kiwis, grapes & mango
7379.png	Milk
7380.png	Bananas, apples & pears
7381.png	Bananas, apples & pears
7382.png	Eggs
7383.png	Pre-baked breads
7384.png	Bananas, apples & pears
7385.png	Potatoes
7386.png	Kiwis, grapes & mango
7387.jpeg	Cucumber, tomatoes & avocados
7388.png	Berries & cherries
7389.png	Pre-baked breads
7390.png	Bananas, apples & pears
7391.png	Onions, leek, garlic & beets
7392.png	Bananas, apples & pears
7393.png	Kiwis, grapes & mango
7394.jpeg	Onions, leek, garlic & beets
7395.png	Bell peppers, zucchinis & eggplants
7396.jpeg	Fresh herbs
7397.png	Poultry
7398.jpeg	Bell peppers, zucchinis & eggplants
7399.png	Cucumber, tomatoes & avocados
7400.png	Onions, leek, garlic & beets
7401.jpeg	Cheese
7402.png	Onions, leek, garlic & beets
7403.jpeg	Eggs
7404.png	Potatoes
7405.jpeg	Berries & cherries
7406.png	Berries & cherries
7407.jpeg	Pork, beef & lamb
7408.png	Bananas, apples & pears
7409.jpeg	Salad & cress
7410.jpeg	Nectarines, peaches & apricots
7411.png	Broccoli, cauliflowers, carrots & radish
7412.jpeg	Nectarines, peaches & apricots
7413.jpeg	Lunch & Deli Meats
7414.png	Minced meat & meatballs
7415.jpeg	Cheese
7416.png	Kiwis, grapes & mango
7417.png	Bananas, apples & pears
7418.png	Cucumber, tomatoes & avocados
7419.jpeg	Pre-baked breads
7420.png	Citrus fruits
7421.png	Pre-baked breads
7422.jpeg	Pre-baked breads
7423.png	Cucumber, tomatoes & avocados
7424.jpeg	Pre-baked breads
7425.png	Pudding, yogurt & quark
7426.png	Asparagus, string beans & brussels sprouts
7427.jpeg	Pre-baked breads
7428.png	Pre-baked breads
7429.png	Onions, leek, garlic & beets
7430.png	Poultry
7431.png	Onions, leek, garlic & beets
7432.png	Broccoli, cauliflowers, carrots & radish
7433.jpeg	Bell peppers, zucchinis & eggplants
7434.jpeg	Fresh herbs
7435.jpeg	Cucumber, tomatoes & avocados
7436.jpeg	Kiwis, grapes & mango
7437.jpeg	Poultry
7438.png	Cheese
7439.jpeg	Onions, leek, garlic & beets
7440.jpeg	Pudding, yogurt & quark
7441.jpeg	Kiwis, grapes & mango
7442.jpeg	Onions, leek, garlic & beets
7443.png	Citrus fruits
7444.png	Pre-baked breads
7445.jpeg	Pineapples, melons & passion fruit
7446.png	Onions, leek, garlic & beets
7447.jpeg	Cucumber, tomatoes & avocados
7448.png	Bell peppers, zucchinis & eggplants
7449.jpeg	Pork, beef & lamb
7450.png	Bell peppers, zucchinis & eggplants
7451.png	Milk
7452.png	Cucumber, tomatoes & avocados
7453.png	Berries & cherries
7454.jpeg	Cucumber, tomatoes & avocados
7455.png	Kiwis, grapes & mango
7456.jpeg	Pre-baked breads
7457.png	Pre-baked breads
7458.png	Kiwis, grapes & mango
7459.png	Bell peppers, zucchinis & eggplants
7460.png	Minced meat & meatballs
7461.png	Berries & cherries
7462.jpeg	Bell peppers, zucchinis & eggplants
7463.png	Pre-baked breads
7464.png	Kiwis, grapes & mango
7465.png	Cucumber, tomatoes & avocados
7466.png	Bananas, apples & pears
7467.png	Onions, leek, garlic & beets
7468.png	Fresh bread
7469.png	Milk
7470.png	Pudding, yogurt & quark
7471.png	Cucumber, tomatoes & avocados
7472.png	Salad & cress
7473.jpeg	Fresh herbs
7474.png	Pork, beef & lamb
7475.jpeg	Pre-baked breads
7476.png	Pre-baked breads
7477.jpeg	Bananas, apples & pears
7478.png	Bananas, apples & pears
7479.png	Bell peppers, zucchinis & eggplants
7480.jpeg	Minced meat & meatballs
7481.jpeg	Pineapples, melons & passion fruit
7482.png	Cheese
7483.jpeg	Citrus fruits
7484.png	Pudding, yogurt & quark
7485.png	Pork, beef & lamb
7486.png	Kiwis, grapes & mango
7487.png	Citrus fruits
7488.png	Pre-baked breads
7489.png	Cucumber, tomatoes & avocados
7490.png	Eggs
7491.png	Kiwis, grapes & mango
7492.png	Pork, beef & lamb
7493.png	Cucumber, tomatoes & avocados
7494.png	Berries & cherries
7495.jpeg	Pork, beef & lamb
7496.png	Berries & cherries
7497.jpeg	Berries & cherries
7498.png	Pork, beef & lamb
7499.jpeg	Pre-baked breads
7500.jpeg	Cheese
7501.jpeg	Cucumber, tomatoes & avocados
7502.jpeg	Bananas, apples & pears
7503.jpeg	Kiwis, grapes & mango
7504.png	Kiwis, grapes & mango
7505.jpeg	Pre-baked breads
7506.jpeg	Cucumber, tomatoes & avocados
7507.png	Lunch & Deli Meats
7508.png	Pudding, yogurt & quark
7509.png	Potatoes
7510.jpeg	Pre-baked breads
7511.jpeg	Cucumber, tomatoes & avocados
7512.jpeg	Cucumber, tomatoes & avocados
7513.jpeg	Kiwis, grapes & mango
7514.jpeg	Bell peppers, zucchinis & eggplants
7515.png	Pre-baked breads
7516.jpeg	Pre-baked breads
7517.png	Pre-baked breads
7518.png	Salad & cress
7519.jpeg	Bananas, apples & pears
7520.png	Bananas, apples & pears
7521.png	Nectarines, peaches & apricots
7522.png	Broccoli, cauliflowers, carrots & radish
7523.png	Bananas, apples & pears
7524.jpeg	Fresh herbs
7525.jpeg	Poultry
7526.jpeg	Broccoli, cauliflowers, carrots & radish
7527.png	Berries & cherries
7528.jpeg	Potatoes
7529.jpeg	Broccoli, cauliflowers, carrots & radish
7530.jpeg	Eggs
7531.jpeg	Pre-baked breads
7532.jpeg	Berries & cherries
7533.jpeg	Kiwis, grapes & mango
7534.png	Kiwis, grapes & mango
7535.jpeg	Bananas, apples & pears
7536.png	Pre-baked breads
7537.jpeg	Poultry
7538.jpeg	Citrus fruits
7539.jpeg	Nectarines, peaches & apricots
7540.jpeg	Cucumber, tomatoes & avocados
7541.png	Bell peppers, zucchinis & eggplants
7542.png	Pork, beef & lamb
7543.png	Kiwis, grapes & mango
7544.jpeg	Pork, beef & lamb
7545.jpeg	Citrus fruits
7546.png	Berries & cherries
7547.png	Kiwis, grapes & mango
7548.jpeg	Pre-baked breads
7549.png	Kiwis, grapes & mango
7550.png	Salad & cress
7551.jpeg	Lunch & Deli Meats
7552.png	Bell peppers, zucchinis & eggplants
7553.jpeg	Bell peppers, zucchinis & eggplants
7554.jpeg	Cheese
7555.png	Potatoes
7556.png	Bell peppers, zucchinis & eggplants
7557.jpeg	Poultry
7558.png	Pudding, yogurt & quark
7559.png	Bell peppers, zucchinis & eggplants
7560.png	Cucumber, tomatoes & avocados
7561.png	Berries & cherries
7562.png	Fresh bread
7563.png	Pork, beef & lamb
7564.jpeg	Eggs
7565.png	Pork, beef & lamb
7566.jpeg	Milk
7567.jpeg	Bell peppers, zucchinis & eggplants
7568.jpeg	Citrus fruits
7569.jpeg	Bell peppers, zucchinis & eggplants
7570.jpeg	Eggs
7571.png	Bananas, apples & pears
7572.png	Kiwis, grapes & mango
7573.jpeg	Pre-baked breads
7574.png	Bananas, apples & pears
7575.jpeg	Pineapples, melons & passion fruit
7576.png	Salad & cress
7577.png	Minced meat & meatballs
7578.jpeg	Cucumber, tomatoes & avocados
7579.png	Cucumber, tomatoes & avocados
7580.png	Eggs
7581.png	Milk
7582.png	Citrus fruits
7583.png	Citrus fruits
7584.jpeg	Pre-baked breads
7585.jpeg	Kiwis, grapes & mango
7586.jpeg	Pudding, yogurt & quark
7587.jpeg	Minced meat & meatballs
7588.png	Bell peppers, zucchinis & eggplants
7589.jpeg	Minced meat & meatballs
7590.jpeg	Bell peppers, zucchinis & eggplants
7591.jpeg	Pork, beef & lamb
7592.png	Nectarines, peaches & apricots
7593.png	Bell peppers, zucchinis & eggplants
7594.png	Bell peppers, zucchinis & eggplants
7595.png	Citrus fruits
7596.jpeg	Citrus fruits
7597.jpeg	Pre-baked breads
7598.jpeg	Pre-baked breads
7599.png	Fresh bread
7600.jpeg	Pudding, yogurt & quark
7601.png	Berries & cherries
7602.png	Pineapples, melons & passion fruit
7603.jpeg	Pork, beef & lamb
7604.png	Cucumber, tomatoes & avocados
7605.jpeg	Poultry
7606.png	Cucumber, tomatoes & avocados
7607.png	Citrus fruits
7608.png	Bananas, apples & pears
7609.jpeg	Nectarines, peaches & apricots
7610.jpeg	Minced meat & meatballs
7611.png	Pre-baked breads
7612.jpeg	Pre-baked breads
7613.jpeg	Nectarines, peaches & apricots
7614.png	Bell peppers, zucchinis & eggplants
7615.png	Lunch & Deli Meats
7616.png	Pre-baked breads
7617.jpeg	Kiwis, grapes & mango
7618.png	Eggs
7619.png	Bell peppers, zucchinis & eggplants
7620.png	Pork, beef & lamb
7621.jpeg	Broccoli, cauliflowers, carrots & radish
7622.jpeg	Berries & cherries
7623.jpeg	Pork, beef & lamb
7624.png	Bananas, apples & pears
7625.png	Bananas, apples & pears
7626.jpeg	Potatoes
7627.png	Citrus fruits
7628.jpeg	Pork, beef & lamb
7629.jpeg	Bananas, apples & pears
7630.png	Minced meat & meatballs
7631.png	Bananas, apples & pears
7632.png	Kiwis, grapes & mango
7633.png	Bananas, apples & pears
7634.jpeg	Cheese
7635.png	Eggs
7636.png	Kiwis, grapes & mango
7637.jpeg	Pineapples, melons & passion fruit
7638.png	Bell peppers, zucchinis & eggplants
7639.jpeg	Cucumber, tomatoes & avocados
7640.jpeg	Minced meat & meatballs
7641.jpeg	Citrus fruits
7642.png	Poultry
7643.jpeg	Lunch & Deli Meats
7644.jpeg	Poultry
7645.png	Pre-baked breads
7646.png	Pudding, yogurt & quark
7647.jpeg	Eggs
7648.png	Pre-baked breads
7649.png	Pork, beef & lamb
7650.jpeg	Bell peppers, zucchinis & eggplants
7651.jpeg	Berries & cherries
7652.png	Bell peppers, zucchinis & eggplants
7653.png	Bell peppers, zucchinis & eggplants
7654.png	Pre-baked breads
7655.png	Cheese
7656.png	Pork, beef & lamb
7657.jpeg	Citrus fruits
7658.jpeg	Bananas, apples & pears
7659.png	Bell peppers, zucchinis & eggplants
7660.jpeg	Pork, beef & lamb
7661.png	Berries & cherries
7662.png	Pre-baked breads
7663.png	Bananas, apples & pears
7664.png	Potatoes
7665.png	Bananas, apples & pears
7666.jpeg	Bananas, apples & pears
7667.png	Fresh herbs
7668.jpeg	Onions, leek, garlic & beets
7669.png	Cucumber, tomatoes & avocados
7670.png	Pre-baked breads
7671.png	Broccoli, cauliflowers, carrots & radish
7672.jpeg	Poultry
7673.jpeg	Potatoes
7674.jpeg	Lunch & Deli Meats
7675.png	Citrus fruits
7676.png	Kiwis, grapes & mango
7677.jpeg	Cheese
7678.jpeg	Pork, beef & lamb
7679.jpeg	Nectarines, peaches & apricots
7680.jpeg	Minced meat & meatballs
7681.jpeg	Cheese
7682.png	Kiwis, grapes & mango
7683.png	Fish
7684.png	Pudding, yogurt & quark
7685.jpeg	Pork, beef & lamb
7686.jpeg	Berries & cherries
7687.png	Salad & cress
7688.jpeg	Cucumber, tomatoes & avocados
7689.jpeg	Poultry
7690.png	Asparagus, string beans & brussels sprouts
7691.png	Salad & cress
7692.jpeg	Cucumber, tomatoes & avocados
7693.jpeg	Pork, beef & lamb
7694.png	Nectarines, peaches & apricots
7695.jpeg	Broccoli, cauliflowers, carrots & radish
7696.png	Broccoli, cauliflowers, carrots & radish
7697.png	Cucumber, tomatoes & avocados
7698.png	Pre-baked breads
7699.jpeg	Kiwis, grapes & mango
7700.png	Minced meat & meatballs
7701.jpeg	Cucumber, tomatoes & avocados
7702.png	Eggs
7703.png	Citrus fruits
7704.png	Bananas, apples & pears
7705.png	Lunch & Deli Meats
7706.png	Asparagus, string beans & brussels sprouts
7707.jpeg	Salad & cress
7708.jpeg	Fresh herbs
7709.jpeg	Cheese
7710.jpeg	Pre-baked breads
7711.png	Kiwis, grapes & mango
7712.jpeg	Pineapples, melons & passion fruit
7713.png	Nectarines, peaches & apricots
7714.png	Citrus fruits
7715.png	Pork, beef & lamb
7716.png	Pre-baked breads
7717.png	Bell peppers, zucchinis & eggplants
7718.png	Fresh herbs
7719.png	Pork, beef & lamb
7720.png	Onions, leek, garlic & beets
7721.jpeg	Pork, beef & lamb
7722.jpeg	Poultry
7723.png	Fresh bread
7724.png	Potatoes
7725.png	Eggs
7726.jpeg	Cucumber, tomatoes & avocados
7727.jpeg	Lunch & Deli Meats
7728.jpeg	Cucumber, tomatoes & avocados
7729.png	Citrus fruits
7730.jpeg	Pork, beef & lamb
7731.png	Eggs
7732.png	Minced meat & meatballs
7733.png	Bananas, apples & pears
7734.png	Pre-baked breads
7735.jpeg	Pork, beef & lamb
7736.png	Bell peppers, zucchinis & eggplants
7737.jpeg	Pork, beef & lamb
7738.png	Bananas, apples & pears
7739.jpeg	Kiwis, grapes & mango
7740.png	Kiwis, grapes & mango
7741.jpeg	Pineapples, melons & passion fruit
7742.png	Eggs
7743.png	Onions, leek, garlic & beets
7744.png	Bananas, apples & pears
7745.jpeg	Minced meat & meatballs
7746.png	Salad & cress
7747.jpeg	Pudding, yogurt & quark
7748.png	Kiwis, grapes & mango
7749.png	Bananas, apples & pears
7750.png	Pre-baked breads
7751.png	Cucumber, tomatoes & avocados
7752.png	Cucumber, tomatoes & avocados
7753.jpeg	Lunch & Deli Meats
7754.jpeg	Pre-baked breads
7755.png	Pudding, yogurt & quark
7756.png	Bananas, apples & pears
7757.jpeg	Cucumber, tomatoes & avocados
7758.jpeg	Pudding, yogurt & quark
7759.jpeg	Bananas, apples & pears
7760.jpeg	Pork, beef & lamb
7761.png	Bell peppers, zucchinis & eggplants
7762.png	Pre-baked breads
7763.png	Pudding, yogurt & quark
7764.png	Bananas, apples & pears
7765.jpeg	Pre-baked breads
7766.png	Bell peppers, zucchinis & eggplants
7767.png	Minced meat & meatballs
7768.png	Pudding, yogurt & quark
7769.png	Bananas, apples & pears
7770.png	Pork, beef & lamb
7771.png	Eggs
7772.jpeg	Pudding, yogurt & quark
7773.png	Pre-baked breads
7774.png	Pork, beef & lamb
7775.jpeg	Pre-baked breads
7776.jpeg	Nectarines, peaches & apricots
7777.png	Pork, beef & lamb
7778.png	Pudding, yogurt & quark
7779.jpeg	Nectarines, peaches & apricots
7780.jpeg	Milk
7781.jpeg	Broccoli, cauliflowers, carrots & radish
7782.png	Nectarines, peaches & apricots
7783.png	Milk
7784.png	Pre-baked breads
7785.jpeg	Pre-baked breads
7786.png	Citrus fruits
7787.png	Nectarines, peaches & apricots
7788.jpeg	Pork, beef & lamb
7789.png	Citrus fruits
7790.jpeg	Pre-baked breads
7791.png	Bell peppers, zucchinis & eggplants
7792.jpeg	Pork, beef & lamb
7793.png	Pre-baked breads
7794.png	Bananas, apples & pears
7795.jpeg	Potatoes
7796.png	Pre-baked breads
7797.png	Milk
7798.png	Poultry
7799.png	Kiwis, grapes & mango
7800.png	Cheese
7801.png	Pork, beef & lamb
7802.jpeg	Cheese
7803.png	Bell peppers, zucchinis & eggplants
7804.png	Eggs
7805.png	Cucumber, tomatoes & avocados
7806.jpeg	Nectarines, peaches & apricots
7807.png	Fish
7808.png	Bananas, apples & pears
7809.png	Nectarines, peaches & apricots
7810.jpeg	Eggs
7811.png	Cucumber, tomatoes & avocados
7812.png	Minced meat & meatballs
7813.png	Poultry
7814.jpeg	Pork, beef & lamb
7815.jpeg	Broccoli, cauliflowers, carrots & radish
7816.jpeg	Bananas, apples & pears
7817.jpeg	Lunch & Deli Meats
7818.png	Salad & cress
7819.jpeg	Poultry
7820.png	Cheese
7821.jpeg	Onions, leek, garlic & beets
7822.jpeg	Salad & cress
7823.png	Minced meat & meatballs
7824.png	Asparagus, string beans & brussels sprouts
7825.png	Minced meat & meatballs
7826.png	Cheese
7827.png	Fish
7828.jpeg	Fresh bread
7829.png	Berries & cherries
7830.png	Milk
7831.png	Pudding, yogurt & quark
7832.png	Pre-baked breads
7833.jpeg	Onions, leek, garlic & beets
7834.png	Potatoes
7835.jpeg	Bananas, apples & pears
7836.jpeg	Fresh herbs
7837.png	Cucumber, tomatoes & avocados
7838.png	Cheese
7839.png	Eggs
7840.png	Pre-baked breads
7841.png	Cheese
7842.png	Bananas, apples & pears
7843.jpeg	Nectarines, peaches & apricots
7844.png	Berries & cherries
7845.png	Bell peppers, zucchinis & eggplants
7846.png	Asparagus, string beans & brussels sprouts
7847.png	Kiwis, grapes & mango
7848.png	Kiwis, grapes & mango
7849.png	Eggs
7850.png	Lunch & Deli Meats
7851.jpeg	Pork, beef & lamb
7852.png	Fresh bread
7853.jpeg	Berries & cherries
7854.png	Bananas, apples & pears
7855.png	Fresh bread
7856.jpeg	Cheese
7857.jpeg	Bananas, apples & pears
7858.jpeg	Berries & cherries
7859.png	Pre-baked breads
7860.jpeg	Pork, beef & lamb
7861.png	Potatoes
7862.jpeg	Pork, beef & lamb
7863.png	Salad & cress
7864.jpeg	Asparagus, string beans & brussels sprouts
7865.png	Bananas, apples & pears
7866.png	Poultry
7867.jpeg	Pork, beef & lamb
7868.png	Pre-baked breads
7869.png	Bananas, apples & pears
7870.png	Fresh herbs
7871.png	Pudding, yogurt & quark
7872.jpeg	Bananas, apples & pears
7873.png	Poultry
7874.png	Pre-baked breads
7875.png	Pre-baked breads
7876.png	Bell peppers, zucchinis & eggplants
7877.jpeg	Bananas, apples & pears
7878.png	Asparagus, string beans & brussels sprouts
7879.png	Fresh bread
7880.png	Cucumber, tomatoes & avocados
7881.png	Citrus fruits
7882.png	Onions, leek, garlic & beets
7883.png	Pineapples, melons & passion fruit
7884.png	Broccoli, cauliflowers, carrots & radish
7885.jpeg	Pineapples, melons & passion fruit
7886.png	Poultry
7887.png	Pre-baked breads
7888.png	Bell peppers, zucchinis & eggplants
7889.png	Salad & cress
7890.jpeg	Pork, beef & lamb
7891.jpeg	Cheese
7892.png	Bananas, apples & pears
7893.png	Kiwis, grapes & mango
7894.png	Citrus fruits
7895.jpeg	Cheese
7896.jpeg	Pineapples, melons & passion fruit
7897.jpeg	Cheese
7898.png	Pre-baked breads
7899.png	Bell peppers, zucchinis & eggplants
7900.jpeg	Salad & cress
7901.png	Bell peppers, zucchinis & eggplants
7902.png	Bananas, apples & pears
7903.jpeg	Salad & cress
7904.png	Bananas, apples & pears
7905.png	Kiwis, grapes & mango
7906.png	Eggs
7907.jpeg	Poultry
7908.png	Pineapples, melons & passion fruit
7909.jpeg	Pudding, yogurt & quark
7910.png	Broccoli, cauliflowers, carrots & radish
7911.png	Berries & cherries
7912.jpeg	Pork, beef & lamb
7913.png	Poultry
7914.jpeg	Pork, beef & lamb
7915.png	Nectarines, peaches & apricots
7916.jpeg	Pudding, yogurt & quark
7917.png	Bananas, apples & pears
7918.png	Cheese
7919.png	Bananas, apples & pears
7920.jpeg	Onions, leek, garlic & beets
7921.jpeg	Bananas, apples & pears
7922.png	Minced meat & meatballs
7923.png	Pre-baked breads
7924.png	Broccoli, cauliflowers, carrots & radish
7925.png	Bell peppers, zucchinis & eggplants
7926.png	Cucumber, tomatoes & avocados
7927.png	Pre-baked breads
7928.png	Milk
7929.png	Fresh bread
7930.jpeg	Bananas, apples & pears
7931.png	Cheese
7932.jpeg	Kiwis, grapes & mango
7933.jpeg	Pre-baked breads
7934.jpeg	Pre-baked breads
7935.jpeg	Minced meat & meatballs
7936.png	Pre-baked breads
7937.png	Cheese
7938.jpeg	Citrus fruits
7939.png	Pineapples, melons & passion fruit
7940.jpeg	Cucumber, tomatoes & avocados
7941.jpeg	Pork, beef & lamb
7942.png	Minced meat & meatballs
7943.jpeg	Bell peppers, zucchinis & eggplants
7944.jpeg	Onions, leek, garlic & beets
7945.png	Citrus fruits
7946.jpeg	Pork, beef & lamb
7947.png	Bell peppers, zucchinis & eggplants
7948.jpeg	Fresh herbs
7949.jpeg	Pre-baked breads
7950.png	Bananas, apples & pears
7951.png	Cucumber, tomatoes & avocados
7952.png	Bell peppers, zucchinis & eggplants
7953.png	Salad & cress
7954.png	Bananas, apples & pears
7955.png	Kiwis, grapes & mango
7956.jpeg	Bell peppers, zucchinis & eggplants
7957.jpeg	Pudding, yogurt & quark
7958.png	Nectarines, peaches & apricots
7959.jpeg	Kiwis, grapes & mango
7960.jpeg	Salad & cress
7961.jpeg	Bananas, apples & pears
7962.png	Bananas, apples & pears
7963.jpeg	Poultry
7964.png	Onions, leek, garlic & beets
7965.png	Cucumber, tomatoes & avocados
7966.png	Bananas, apples & pears
7967.jpeg	Minced meat & meatballs
7968.png	Salad & cress
7969.png	Bananas, apples & pears
7970.jpeg	Eggs
7971.jpeg	Pineapples, melons & passion fruit
7972.jpeg	Salad & cress
7973.jpeg	Pudding, yogurt & quark
7974.jpeg	Bananas, apples & pears
7975.png	Bananas, apples & pears
7976.jpeg	Cucumber, tomatoes & avocados
7977.jpeg	Bananas, apples & pears
7978.png	Onions, leek, garlic & beets
7979.png	Lunch & Deli Meats
7980.jpeg	Pudding, yogurt & quark
7981.jpeg	Minced meat & meatballs
7982.jpeg	Pineapples, melons & passion fruit
7983.jpeg	Onions, leek, garlic & beets
7984.png	Bell peppers, zucchinis & eggplants
7985.png	Bell peppers, zucchinis & eggplants
7986.jpeg	Fresh herbs
7987.jpeg	Salad & cress
7988.jpeg	Cheese
7989.jpeg	Nectarines, peaches & apricots
7990.jpeg	Salad & cress
7991.png	Cucumber, tomatoes & avocados
7992.png	Cucumber, tomatoes & avocados
7993.jpeg	Bananas, apples & pears
7994.png	Milk
7995.png	Cucumber, tomatoes & avocados
7996.png	Kiwis, grapes & mango
7997.png	Fresh herbs
7998.png	Minced meat & meatballs
7999.jpeg	Bananas, apples & pears
8000.png	Pineapples, melons & passion fruit
8001.jpeg	Potatoes
8002.png	Pre-baked breads
8003.jpeg	Bananas, apples & pears
8004.png	Poultry
8005.png	Fresh bread
8006.jpeg	Nectarines, peaches & apricots
8007.png	Bananas, apples & pears
8008.jpeg	Berries & cherries
8009.png	Bell peppers, zucchinis & eggplants
8010.jpeg	Pudding, yogurt & quark
8011.png	Bell peppers, zucchinis & eggplants
8012.jpeg	Kiwis, grapes & mango
8013.jpeg	Asparagus, string beans & brussels sprouts
8014.png	Pre-baked breads
8015.png	Pork, beef & lamb
8016.png	Bananas, apples & pears
8017.png	Minced meat & meatballs
8018.png	Bell peppers, zucchinis & eggplants
8019.png	Bell peppers, zucchinis & eggplants
8020.png	Citrus fruits
8021.png	Pudding, yogurt & quark
8022.png	Broccoli, cauliflowers, carrots & radish
8023.jpeg	Minced meat & meatballs
8024.png	Fresh herbs
8025.png	Eggs
8026.png	Bananas, apples & pears
8027.png	Eggs
8028.jpeg	Poultry
8029.png	Bananas, apples & pears
8030.jpeg	Pork, beef & lamb
8031.png	Bell peppers, zucchinis & eggplants
8032.png	Cheese
8033.jpeg	Pudding, yogurt & quark
8034.jpeg	Pudding, yogurt & quark
8035.jpeg	Citrus fruits
8036.jpeg	Poultry
8037.png	Pre-baked breads
8038.png	Citrus fruits
8039.png	Bell peppers, zucchinis & eggplants
8040.jpeg	Pork, beef & lamb
8041.png	Cheese
8042.jpeg	Cheese
8043.jpeg	Pork, beef & lamb
8044.png	Poultry
8045.png	Kiwis, grapes & mango
8046.png	Nectarines, peaches & apricots
8047.jpeg	Pudding, yogurt & quark
8048.png	Pork, beef & lamb
8049.png	Onions, leek, garlic & beets
8050.png	Asparagus, string beans & brussels sprouts
8051.png	Pre-baked breads
8052.png	Pudding, yogurt & quark
8053.png	Bell peppers, zucchinis & eggplants
8054.png	Bananas, apples & pears
8055.png	Pineapples, melons & passion fruit
8056.png	Pre-baked breads
8057.jpeg	Pre-baked breads
8058.png	Berries & cherries
8059.png	Pork, beef & lamb
8060.png	Bell peppers, zucchinis & eggplants
8061.png	Eggs
8062.png	Bell peppers, zucchinis & eggplants
8063.jpeg	Salad & cress
8064.png	Milk
8065.png	Asparagus, string beans & brussels sprouts
8066.png	Bananas, apples & pears
8067.jpeg	Eggs
8068.jpeg	Potatoes
8069.png	Pork, beef & lamb
8070.png	Bananas, apples & pears
8071.png	Pork, beef & lamb
8072.jpeg	Bell peppers, zucchinis & eggplants
8073.png	Minced meat & meatballs
8074.jpeg	Pork, beef & lamb
8075.png	Eggs
8076.jpeg	Citrus fruits
8077.jpeg	Bell peppers, zucchinis & eggplants
8078.png	Bananas, apples & pears
8079.jpeg	Minced meat & meatballs
8080.jpeg	Pudding, yogurt & quark
8081.png	Salad & cress
8082.jpeg	Minced meat & meatballs
